,Condition,Cell_Number,Clone_ID,Day,In_Vivo_Clone_ID,Project_ID,Donor_ID,Method,Vb,D,Jb,TCR Beta,Nuc_Seq_TRB,Va,Ja,TCR Alpha,Nuc_Seq_TRA,Va2,Ja2,TCR Alpha2,Nuc_Seq_TRA_2,Notes,n_genes_by_counts,log1p_n_genes_by_counts,total_counts,log1p_total_counts,total_counts_mt,log1p_total_counts_mt,pct_counts_mt
P3128_1200,In_Vitro,20.0,D2 BULK,,3.0,P3128,D,Smart-seq2,TRBV29-1,D2,TRBJ2-1,CSVATSGGSNEQFF,TGCAGCGTCGCCACTAGCGGGGGATCCAATGAGCAGTTCTTC,TRAV12-2,TRAJ27,CAVIAGKSTF,TGTGCCGTGATTGCAGGCAAATCAACCTTT,,,,,,8632,9.063347348235522,28876.785,10.270828,171.84341,5.152386,0.59509194
P3128_1208,In_Vitro,20.0,D2 BULK,,3.0,P3128,D,Smart-seq2,TRBV29-1,D2,TRBJ2-1,CSVATSGGSNEQFF,TGCAGCGTCGCCACTAGCGGGGGATCCAATGAGCAGTTCTTC,TRAV12-2,TRAJ27,CAVIAGKSTF,TGTGCCGTGATTGCAGGCAAATCAACCTTT,,,,,,8745,9.076351731972865,28957.668,10.273624,173.95874,5.1645503,0.60073465
P3128_1216,In_Vitro,20.0,H3 BULK,,11.0,P3128,D,Smart-seq2,TRBV20-1,D1,TRBJ1-1,CSASARGETEAFF,TGCAGTGCTAGTGCCAGGGGTGAGACTGAAGCTTTCTTT,TRAV12-2,TRAJ31,CAVSNARLMF,TGTGCCGTCTCTAATGCCAGACTCATGTTT,,,,,,8803,9.082961442646353,28967.635,10.273969,174.3591,5.166836,0.60191005
P3128_1224,In_Vitro,20.0,H3 BULK,,11.0,P3128,D,Smart-seq2,TRBV20-1,D1,TRBJ1-1,CSASARGETEAFF,TGCAGTGCTAGTGCCAGGGGTGAGACTGAAGCTTTCTTT,TRAV12-2,TRAJ31,CAVSNARLMF,TGTGCCGTCTCTAATGCCAGACTCATGTTT,,,,,,9041,9.109635667854551,29652.57,10.297338,177.27481,5.1833262,0.5978396
P3128_1232,In_Vitro,20.0,D6 BULK,,55.0,P3128,D,Smart-seq2,TRBV10-3,D2,TRBJ2-7,CAISEGDGVAYEQYF,TGTGCCATCAGTGAGGGGGACGGGGTAGCCTACGAGCAGTACTTC,TRAV12-1,TRAJ20,CVVNDYKLSF,TGTGTGGTGAACGACTACAAGCTCAGCTTT,,,,,,8081,8.997394645638419,27254.969,10.213028,176.89467,5.1811914,0.6490364
P3128_1240,In_Vitro,20.0,D6 BULK,,55.0,P3128,D,Smart-seq2,TRBV10-3,D2,TRBJ2-7,CAISEGDGVAYEQYF,TGTGCCATCAGTGAGGGGGACGGGGTAGCCTACGAGCAGTACTTC,TRAV12-1,TRAJ20,CVVNDYKLSF,TGTGTGGTGAACGACTACAAGCTCAGCTTT,,,,,,8110,9.000976444070345,27819.479,10.233528,179.1434,5.1937532,0.6439495
P3128_1248,In_Vitro,20.0,F7 BULK,,41.0,P3128,D,Smart-seq2,TRBV7-2,D1,TRBJ2-7,CASSSGTGAYEQYF,TGTGCCAGCAGCTCCGGGACAGGGGCCTACGAGCAGTACTTC,TRAV12-2,TRAJ16,CAVNSDGQKLLF,TGTGCCGTGAATTCAGATGGCCAGAAGCTGCTCTTT,,,,,,8613,9.061144065614055,28658.8,10.26325,181.66975,5.2076797,0.63390565
P3128_1256,In_Vitro,20.0,F7 BULK,,41.0,P3128,D,Smart-seq2,TRBV7-2,D1,TRBJ2-7,CASSSGTGAYEQYF,TGTGCCAGCAGCTCCGGGACAGGGGCCTACGAGCAGTACTTC,TRAV12-2,TRAJ16,CAVNSDGQKLLF,TGTGCCGTGAATTCAGATGGCCAGAAGCTGCTCTTT,,,,,,8366,9.032050676295599,28028.973,10.24103,180.86795,5.203281,0.64528924
P3128_1264,In_Vitro,20.0,A2 BULK,,7.0,P3128,D,Smart-seq2,TRBV20-1,D2,TRBJ2-3,CSASGARGADTQYF,TGCAGTGCATCGGGGGCGCGGGGGGCCGATACGCAGTATTTT,TRAV12-2,TRAJ36,CAATGANNLFF,TGTGCCGCAACTGGGGCAAACAACCTCTTCTTT,,,,,,8074,8.996528148090857,27731.828,10.230372,173.54376,5.1621757,0.6257927
P3128_1272,In_Vitro,20.0,A2 BULK,,7.0,P3128,D,Smart-seq2,TRBV20-1,D2,TRBJ2-3,CSASGARGADTQYF,TGCAGTGCATCGGGGGCGCGGGGGGCCGATACGCAGTATTTT,TRAV12-2,TRAJ36,CAATGANNLFF,TGTGCCGCAACTGGGGCAAACAACCTCTTCTTT,,,,,,8444,9.041329829241901,28208.068,10.247398,182.80978,5.2139015,0.64807624
P3128_1280,In_Vitro,20.0,B6 BULK,,8.0,P3128,D,Smart-seq2,TRBV20-1,D2,TRBJ2-1,CSAPTSGGPNEQFF,TGCAGTGCCCCGACTAGCGGGGGCCCGAATGAGCAGTTCTTC,TRAV12-2,TRAJ30,CAVIDDKIIF,TGTGCCGTGATAGATGACAAGATCATCTTT,TRAV12-1,TRAJ16,CVVALFSDGQKLLF,TGTGTGGTGGCCCTTTTTTCAGATGGCCAGAAGCTGCTCTTT,,8517,9.049936850483158,28472.045,10.256713,181.45932,5.206527,0.6373245
P3128_1288,In_Vitro,20.0,B6 BULK,,8.0,P3128,D,Smart-seq2,TRBV20-1,D2,TRBJ2-1,CSAPTSGGPNEQFF,TGCAGTGCCCCGACTAGCGGGGGCCCGAATGAGCAGTTCTTC,TRAV12-2,TRAJ30,CAVIDDKIIF,TGTGCCGTGATAGATGACAAGATCATCTTT,TRAV12-1,TRAJ16,CVVALFSDGQKLLF,TGTGTGGTGGCCCTTTTTTCAGATGGCCAGAAGCTGCTCTTT,,8367,9.032170186304704,27889.203,10.236031,179.19116,5.1940184,0.6425109
P3128_1296,In_Vitro,20.0,C6 BULK,,9.0,P3128,D,Smart-seq2,TRBV20-1,D2,TRBJ2-1,CSAPTSGGSNEQFF,TGCAGTGCCCCGACTAGCGGGGGGAGTAATGAGCAGTTCTTC,TRAV12-2,TRAJ30,CAVGDDKIIF,TGTGCCGTGGGAGATGACAAGATCATCTTT,,,,,,7640,8.941283763647567,25661.445,10.152784,197.05898,5.2885647,0.76791847
P3128_1304,In_Vitro,20.0,C6 BULK,,9.0,P3128,D,Smart-seq2,TRBV20-1,D2,TRBJ2-1,CSAPTSGGSNEQFF,TGCAGTGCCCCGACTAGCGGGGGGAGTAATGAGCAGTTCTTC,TRAV12-2,TRAJ30,CAVGDDKIIF,TGTGCCGTGGGAGATGACAAGATCATCTTT,,,,,,7710,8.95040315983296,26721.92,10.193277,186.23167,5.2323465,0.69692475
P3128_1312,In_Vitro,20.0,E7 BULK,,13.0,P3128,D,Smart-seq2,TRBV5-1,D2,TRBJ2-7,CASSPAAGGAYEQYF,TGCGCCAGCAGCCCCGCAGCGGGGGGAGCCTACGAGCAGTACTTC,TRAV12-2,TRAJ47,CAVSGNKLVF,TGTGCCGTGAGTGGAAACAAACTGGTCTTT,,,,,,7322,8.89877535906107,24788.809,10.118188,185.32419,5.227488,0.7476123
P3128_1320,In_Vitro,20.0,E7 BULK,,13.0,P3128,D,Smart-seq2,TRBV5-1,D2,TRBJ2-7,CASSPAAGGAYEQYF,TGCGCCAGCAGCCCCGCAGCGGGGGGAGCCTACGAGCAGTACTTC,TRAV12-2,TRAJ47,CAVSGNKLVF,TGTGCCGTGAGTGGAAACAAACTGGTCTTT,,,,,,7690,8.947806093057054,26213.238,10.174058,187.81206,5.240752,0.71647793
P3128_1328,In_Vitro,20.0,B12 BULK,,13.0,P3128,D,Smart-seq2,TRBV5-1,D2,TRBJ2-7,CASSPAAGGAYEQYF,TGCGCCAGCAGCCCCGCAGCGGGGGGAGCCTACGAGCAGTACTTC,TRAV12-2,TRAJ47,CAVSGNKLVF,TGTGCCGTGAGTGGAAACAAACTGGTCTTT,,,,,,7970,8.983565234427923,27098.824,10.207282,185.53767,5.2286334,0.68467057
P3128_1336,In_Vitro,20.0,B12 BULK,,13.0,P3128,D,Smart-seq2,TRBV5-1,D2,TRBJ2-7,CASSPAAGGAYEQYF,TGCGCCAGCAGCCCCGCAGCGGGGGGAGCCTACGAGCAGTACTTC,TRAV12-2,TRAJ47,CAVSGNKLVF,TGTGCCGTGAGTGGAAACAAACTGGTCTTT,,,,,,8029,8.990939806940807,27040.8,10.205139,186.86172,5.2357063,0.6910362
P3128_1344,In_Vitro,20.0,C2 BULK,,18.0,P3128,D,Smart-seq2,TRBV15,D2,TRBJ1-2,CATAESANYGYTF,TGTGCCACCGCGGAGAGCGCCAACTATGGCTACACCTTC,TRAV12-2,TRAJ30,CAVGDDKIIF,TGTGCCGTGGGAGATGACAAGATCATCTTT,,,,,,7553,8.929832503272403,22597.383,10.025634,192.3428,5.264465,0.8511729
P3128_1352,In_Vitro,20.0,C2 BULK,,18.0,P3128,D,Smart-seq2,TRBV15,D2,TRBJ1-2,CATAESANYGYTF,TGTGCCACCGCGGAGAGCGCCAACTATGGCTACACCTTC,TRAV12-2,TRAJ30,CAVGDDKIIF,TGTGCCGTGGGAGATGACAAGATCATCTTT,,,,,,7272,8.89192414015454,25391.822,10.142221,181.98048,5.2093797,0.71668935
P3128_1360,In_Vitro,20.0,H6 BULK,,44.0,P3128,D,Smart-seq2,TRBV28,D2,TRBJ2-7,CASSNGEAYEQYF,TGTGCCAGCAGTAACGGCGAGGCCTACGAGCAGTACTTC,TRAV12-2,TRAJ23,CAVSGGKLIF,TGTGCCGTGAGCGGAGGAAAGCTTATCTTC,,,,,,8132,9.003685138166775,27345.697,10.2163515,183.08197,5.215381,0.66950923
P3128_1368,In_Vitro,20.0,H6 BULK,,44.0,P3128,D,Smart-seq2,TRBV28,D2,TRBJ2-7,CASSNGEAYEQYF,TGTGCCAGCAGTAACGGCGAGGCCTACGAGCAGTACTTC,TRAV12-2,TRAJ23,CAVSGGKLIF,TGTGCCGTGAGCGGAGGAAAGCTTATCTTC,,,,,,8179,9.009447429596793,27166.244,10.209767,179.39934,5.195173,0.66037595
P3128_1376,In_Vitro,20.0,F11 BULK,,14.0,P3128,D,Smart-seq2,TRBV4-3,D1,TRBJ1-2,CASSPTGQGAHGYTF,TGCGCCAGCAGCCCGACGGGACAGGGGGCGCATGGCTACACCTTC,TRAV12-2,TRAJ4,CALSGGYNKLIF,TGTGCCCTTTCTGGTGGCTACAATAAGCTGATTTTT,,,,,,7823,8.964951211714654,26332.156,10.178584,191.7372,5.2613277,0.7281485
P3128_1384,In_Vitro,20.0,F11 BULK,,14.0,P3128,D,Smart-seq2,TRBV4-3,D1,TRBJ1-2,CASSPTGQGAHGYTF,TGCGCCAGCAGCCCGACGGGACAGGGGGCGCATGGCTACACCTTC,TRAV12-2,TRAJ4,CALSGGYNKLIF,TGTGCCCTTTCTGGTGGCTACAATAAGCTGATTTTT,,,,,,7803,8.962391701743002,26127.63,10.170787,185.9682,5.2309384,0.7117683
P3128_1392,In_Vitro,10.0,B4 BULK,,54.0,P3128,D,Smart-seq2,TRBV19,D1,TRBJ2-7,CASRPGQGYEQYF,TGTGCCAGTAGGCCGGGACAGGGATACGAGCAGTACTTC,TRAV12-2,TRAJ41,CAVTGYALNF,TGTGCCGTTACCGGGTATGCACTCAACTTC,,,,,,6276,8.744647438317532,22515.043,10.021983,182.09297,5.209994,0.80876136
P3128_1400,In_Vitro,10.0,B4 BULK,,54.0,P3128,D,Smart-seq2,TRBV19,D1,TRBJ2-7,CASRPGQGYEQYF,TGTGCCAGTAGGCCGGGACAGGGATACGAGCAGTACTTC,TRAV12-2,TRAJ41,CAVTGYALNF,TGTGCCGTTACCGGGTATGCACTCAACTTC,,,,,,5989,8.697846691109495,22216.77,10.008648,179.38261,5.1950803,0.8074199
P3128_1408,In_Vitro,10.0,E8 BULK,,6.0,P3128,D,Smart-seq2,TRBV20-1,D2,TRBJ2-1,CSAPTSGGNNEQFF,TGCAGTGCACCGACTAGCGGGGGGAATAATGAGCAGTTCTTC,TRAV1-1,TRAJ30,CAGGDDKIIF,TGCGCGGGGGGGGATGACAAGATCATCTTT,,,,,,7800,8.962007209588313,27115.285,10.20789,179.90753,5.197986,0.6634912
P3128_1416,In_Vitro,10.0,E8 BULK,,6.0,P3128,D,Smart-seq2,TRBV20-1,D2,TRBJ2-1,CSAPTSGGNNEQFF,TGCAGTGCACCGACTAGCGGGGGGAATAATGAGCAGTTCTTC,TRAV1-1,TRAJ30,CAGGDDKIIF,TGCGCGGGGGGGGATGACAAGATCATCTTT,,,,,,7824,8.965079015408355,27516.766,10.222587,179.2565,5.1943808,0.6514447
P3128_1424,In_Vitro,10.0,D1 BULK,,48.0,P3128,D,Smart-seq2,TRBV6-1,D2,TRBJ2-7,CASSGAGAYEQYF,TGTGCCAGCAGTGGGGCGGGAGCCTACGAGCAGTACTTC,TRAV12-2,TRAJ26,CAVNKDGQNFVF,TGTGCCGTGAACAAAGATGGTCAGAATTTTGTCTTT,,,,,,7993,8.986446539271268,28008.07,10.240284,173.15579,5.1599503,0.61823535
P3128_1432,In_Vitro,10.0,D1 BULK,,48.0,P3128,D,Smart-seq2,TRBV6-1,D2,TRBJ2-7,CASSGAGAYEQYF,TGTGCCAGCAGTGGGGCGGGAGCCTACGAGCAGTACTTC,TRAV12-2,TRAJ26,CAVNKDGQNFVF,TGTGCCGTGAACAAAGATGGTCAGAATTTTGTCTTT,,,,,,7988,8.985820874482043,27498.152,10.22191,180.01134,5.1985598,0.65463066
P3128_1440,In_Vitro,10.0,A7 BULK,,32.0,P3128,D,Smart-seq2,TRBV9,D1,TRBJ2-7,CASSAGQESYEQYF,TGTGCCAGCAGCGCCGGACAGGAGTCCTACGAGCAGTACTTC,TRAV12-2,TRAJ44,CAVTASKLTF,TGTGCCGTCACTGCCAGTAAACTCACCTTT,,,,,,7285,8.89370997756851,26139.23,10.171231,179.49835,5.1957216,0.68670094
P3128_1448,In_Vitro,4.0,A7 BULK,,32.0,P3128,D,Smart-seq2,TRBV9,D1,TRBJ2-7,CASSAGQESYEQYF,TGTGCCAGCAGCGCCGGACAGGAGTCCTACGAGCAGTACTTC,TRAV12-2,TRAJ44,CAVTASKLTF,TGTGCCGTCACTGCCAGTAAACTCACCTTT,,,,,,5253,8.566744970245486,21480.186,9.974933,173.13618,5.1598377,0.80602735
P3128_1488,In_Vitro,5.0,A8 BULK,,1.0,P3128,D,Smart-seq2,TRBV29-1,D2,TRBJ2-3,CSEVHTGADTQYF,TGCAGCGAAGTGCATACCGGGGCAGATACGCAGTATTTT,TRAV12-2,TRAJ34,CAVNADKLIF,TGTGCCGTGAACGCCGACAAGCTCATCTTT,,,,,,5271,8.570165076182343,20747.945,9.94025,178.43422,5.189809,0.8600091
P3128_1496,In_Vitro,5.0,A8 BULK,,1.0,P3128,D,Smart-seq2,TRBV29-1,D2,TRBJ2-3,CSEVHTGADTQYF,TGCAGCGAAGTGCATACCGGGGCAGATACGCAGTATTTT,TRAV12-2,TRAJ34,CAVNADKLIF,TGTGCCGTGAACGCCGACAAGCTCATCTTT,,,,,,4923,8.501876487304344,19965.928,9.901833,171.94652,5.152982,0.86119974
P3128_1536,In_Vitro,5.0,E2 BULK,,1.0,P3128,D,Smart-seq2,TRBV29-1,D2,TRBJ2-3,CSEVHTGADTQYF,TGCAGCGAAGTGCATACCGGGGCAGATACGCAGTATTTT,TRAV12-2,TRAJ34,CAVNADKLIF,TGTGCCGTGAACGCCGACAAGCTCATCTTT,,,,,,5584,8.6278397115033,21464.957,9.974223,167.14734,5.1248407,0.7786987
P3128_1544,In_Vitro,5.0,E2 BULK,,1.0,P3128,D,Smart-seq2,TRBV29-1,D2,TRBJ2-3,CSEVHTGADTQYF,TGCAGCGAAGTGCATACCGGGGCAGATACGCAGTATTTT,TRAV12-2,TRAJ34,CAVNADKLIF,TGTGCCGTGAACGCCGACAAGCTCATCTTT,,,,,,6039,8.706159290928861,23111.078,10.048111,172.27545,5.1548824,0.7454237
P3128_1568,In_Vitro,5.0,H4 BULK,,,P3128,D,Smart-seq2,,,,CSASARGETEAFF/CASRPGQGYEQYF,,,,CAVSNARLMF/CAVTGYALNF,,,,,,,5590,8.628913441026645,21559.566,9.9786215,182.59543,5.2127347,0.8469346
P3128_1576,In_Vitro,5.0,H4 BULK,,,P3128,D,Smart-seq2,,,,CSASARGETEAFF/CASRPGQGYEQYF,,,,CAVSNARLMF/CAVTGYALNF,,,,,,,4378,8.384575666801398,17280.9,9.757415,180.62468,5.2019424,1.0452273
