,Number_Of_Cells,Clone_ID,Donor_ID,Method,Vb,D,Jb,TCR Beta,Nuc_Seq_TRB,Va,Ja,TCR Alpha,Nuc_Seq_TRA,Va2,Ja2,TCR Alpha2,Nuc_Seq_TRA_2,Notes,n_genes_by_counts,log1p_n_genes_by_counts,total_counts,log1p_total_counts,total_counts_mt,log1p_total_counts_mt,pct_counts_mt,Good clone
P9855_2001,25,P1_A03,E,Smart-seq2,TRBV10-3,TRBD2,TRBJ2-7,CAISDGGSAYEQYF,TGTGCCATCTCCGACGGGGGGTCTGCCTACGAGCAGTACTTC,TRAV12-2,TRAJ34,CAVTPTDKLIF,TGTGCCGTGACGCCGACCGACAAGCTCATCTTT,TRAV29/DV5,TRAJ21,CAALLPVYNFNKFYF,TGTGCAGCCTTACTTCCAGTATACAACTTCAACAAATTTTACTTT,,5954,8.691986481789401,22061.922,10.001654,165.8145,5.1168823,0.7515868,True
P9855_2002,25,P1_A03,E,Smart-seq2,TRBV10-3,TRBD2,TRBJ2-7,CAISDGGSAYEQYF,TGTGCCATCTCCGACGGGGGGTCTGCCTACGAGCAGTACTTC,TRAV12-2,TRAJ34,CAVTPTDKLIF,TGTGCCGTGACGCCGACCGACAAGCTCATCTTT,TRAV29/DV5,TRAJ21,CAALLPVYNFNKFYF,TGTGCAGCCTTACTTCCAGTATACAACTTCAACAAATTTTACTTT,,5494,8.611593866837723,20549.744,9.930653,173.52881,5.16209,0.84443295,True
P9855_2003,25,P1_A03,E,Smart-seq2,TRBV10-3,TRBD2,TRBJ2-7,CAISDGGSAYEQYF,TGTGCCATCTCCGACGGGGGGTCTGCCTACGAGCAGTACTTC,TRAV12-2,TRAJ34,CAVTPTDKLIF,TGTGCCGTGACGCCGACCGACAAGCTCATCTTT,TRAV29/DV5,TRAJ21,CAALLPVYNFNKFYF,TGTGCAGCCTTACTTCCAGTATACAACTTCAACAAATTTTACTTT,,5785,8.66319648553608,21235.264,9.963466,159.27245,5.076875,0.7500375,True
P9855_2004,25,P1_A05,E,Smart-seq2,TRBV4-1,TRBD1,TRBJ2-7,CASSPTGVNAYEQYF,TGCGCCAGCAGCCCGACAGGGGTTAACGCCTACGAGCAGTACTTC,TRAV8-1,TRAJ34,CAVGSYNTDKLIF,TGTGCCGTCGGATCTTATAACACCGACAAGCTCATCTTT,TRAV8-1,TRAJ37,CAVNGSSNTGKLIF,TGTGCCGTGAATGGCTCTAGCAACACAGGCAAACTAATCTTT,,6084,8.713582005421628,21887.174,9.993702,160.7922,5.086313,0.73464125,True
P9855_2005,25,P1_A05,E,Smart-seq2,TRBV4-1,TRBD1,TRBJ2-7,CASSPTGVNAYEQYF,TGCGCCAGCAGCCCGACAGGGGTTAACGCCTACGAGCAGTACTTC,TRAV8-1,TRAJ34,CAVGSYNTDKLIF,TGTGCCGTCGGATCTTATAACACCGACAAGCTCATCTTT,TRAV8-1,TRAJ37,CAVNGSSNTGKLIF,TGTGCCGTGAATGGCTCTAGCAACACAGGCAAACTAATCTTT,,6186,8.73020559553099,22786.945,10.033987,164.00664,5.1059856,0.71973944,True
P9855_2006,25,P1_A05,E,Smart-seq2,TRBV4-1,TRBD1,TRBJ2-7,CASSPTGVNAYEQYF,TGCGCCAGCAGCCCGACAGGGGTTAACGCCTACGAGCAGTACTTC,TRAV8-1,TRAJ34,CAVGSYNTDKLIF,TGTGCCGTCGGATCTTATAACACCGACAAGCTCATCTTT,TRAV8-1,TRAJ37,CAVNGSSNTGKLIF,TGTGCCGTGAATGGCTCTAGCAACACAGGCAAACTAATCTTT,,6314,8.750683034784592,22773.027,10.033376,162.0854,5.094274,0.7117429,True
P9855_2007,25,P1_A12,E,Smart-seq2,TRBV6-5,TRBD1,TRBJ2-7,CASTTQGHYEQYF,TGTGCCAGCACAACACAGGGGCACTACGAGCAGTACTTC,TRAV12-2,TRAJ24,CAVNQVSDSWGKLQF,TGTGCCGTGAACCAGGTTTCTGACAGCTGGGGGAAATTGCAGTTT,,,,,,5784,8.663023639627777,21755.215,9.987655,157.4234,5.0652714,0.72361225,True
P9855_2008,25,P1_A12,E,Smart-seq2,TRBV6-5,TRBD1,TRBJ2-7,CASTTQGHYEQYF,TGTGCCAGCACAACACAGGGGCACTACGAGCAGTACTTC,TRAV12-2,TRAJ24,CAVNQVSDSWGKLQF,TGTGCCGTGAACCAGGTTTCTGACAGCTGGGGGAAATTGCAGTTT,,,,,,5805,8.666647144584575,21641.838,9.9824295,170.02184,5.1417913,0.7856164,True
P9855_2009,25,P1_A12,E,Smart-seq2,TRBV6-5,TRBD1,TRBJ2-7,CASTTQGHYEQYF,TGTGCCAGCACAACACAGGGGCACTACGAGCAGTACTTC,TRAV12-2,TRAJ24,CAVNQVSDSWGKLQF,TGTGCCGTGAACCAGGTTTCTGACAGCTGGGGGAAATTGCAGTTT,,,,,,5905,8.683724062303869,21902.799,9.994415,160.82507,5.086516,0.73426723,True
P9855_2010,25,P1_D09,E,Smart-seq2,TRBV28,TRBD2,TRBJ2-7,CASIPTGSSAYEQYF,TGTGCCAGCATTCCAACGGGGAGTTCCGCCTACGAGCAGTACTTC,TRAV12-2,TRAJ24,CAVNTETDSWGKLQF,TGTGCCGTGAACACAGAAACTGACAGCTGGGGGAAATTGCAGTTT,,,,,,6809,8.826147399143558,23437.62,10.06214,160.6413,5.0853796,0.6853994,True
P9855_2011,25,P1_D09,E,Smart-seq2,TRBV28,TRBD2,TRBJ2-7,CASIPTGSSAYEQYF,TGTGCCAGCATTCCAACGGGGAGTTCCGCCTACGAGCAGTACTTC,TRAV12-2,TRAJ24,CAVNTETDSWGKLQF,TGTGCCGTGAACACAGAAACTGACAGCTGGGGGAAATTGCAGTTT,,,,,,6552,8.787678239039497,22703.707,10.030328,159.75465,5.0798793,0.7036501,True
P9855_2012,25,P1_D09,E,Smart-seq2,TRBV28,TRBD2,TRBJ2-7,CASIPTGSSAYEQYF,TGTGCCAGCATTCCAACGGGGAGTTCCGCCTACGAGCAGTACTTC,TRAV12-2,TRAJ24,CAVNTETDSWGKLQF,TGTGCCGTGAACACAGAAACTGACAGCTGGGGGAAATTGCAGTTT,,,,,,6281,8.745443680098592,22338.346,10.014105,164.20392,5.1071806,0.7350765,True
P9855_2013,25,P1_D12,E,Smart-seq2,TRBV20-1,TRBD1,TRBJ1-1,CSARDKGPNTEAFF,TGCAGTGCTAGAGATAAGGGCCCAAACACTGAAGCTTTCTTT,TRAV13-2,TRAJ39,CAENMDAGNMLTF,TGTGCAGAGAATATGGATGCAGGCAACATGCTCACCTTT,,,,,,3280,8.0959035329611,13975.814,9.545156,154.95602,5.049574,1.1087441,False
P9855_2014,25,P1_D12,E,Smart-seq2,TRBV20-1,TRBD1,TRBJ1-1,CSARDKGPNTEAFF,TGCAGTGCTAGAGATAAGGGCCCAAACACTGAAGCTTTCTTT,TRAV13-2,TRAJ39,CAENMDAGNMLTF,TGTGCAGAGAATATGGATGCAGGCAACATGCTCACCTTT,,,,,,4106,8.320448113956559,16223.793,9.694296,166.37685,5.120248,1.0255114,False
P9855_2015,25,P1_D12,E,Smart-seq2,TRBV20-1,TRBD1,TRBJ1-1,CSARDKGPNTEAFF,TGCAGTGCTAGAGATAAGGGCCCAAACACTGAAGCTTTCTTT,TRAV13-2,TRAJ39,CAENMDAGNMLTF,TGTGCAGAGAATATGGATGCAGGCAACATGCTCACCTTT,,,,,,4816,8.479906606630221,18388.557,9.819538,156.12384,5.0570345,0.84902716,False
P9855_2019,25,P1_F10,E,Smart-seq2,TRB15,TRBD1,TRBJ2-7,CAISTGGGYEQYF,TGTGCCATCTCGACAGGGGGCGGATACGAGCAGTACTTC,TRAV12-1,TRAJ30,CVVGDDKIIF,TGTGTGGTGGGAGATGACAAGATCATCTTT,TRAV1-2,TRAJ32,CAVRPHVGGATNKLIF,TGTGCTGTGAGGCCTCATGTGGGTGGTGCTACAAACAAGCTCATCTTT,,5106,8.538367426647644,19859.309,9.896479,172.93158,5.158662,0.87078345,True
P9855_2020,25,P1_F10,E,Smart-seq2,TRB15,TRBD1,TRBJ2-7,CAISTGGGYEQYF,TGTGCCATCTCGACAGGGGGCGGATACGAGCAGTACTTC,TRAV12-1,TRAJ30,CVVGDDKIIF,TGTGTGGTGGGAGATGACAAGATCATCTTT,TRAV1-2,TRAJ32,CAVRPHVGGATNKLIF,TGTGCTGTGAGGCCTCATGTGGGTGGTGCTACAAACAAGCTCATCTTT,,5143,8.545586265917455,19832.588,9.895132,174.06953,5.165183,0.8776945,True
P9855_2021,25,P1_F10,E,Smart-seq2,TRB15,TRBD1,TRBJ2-7,CAISTGGGYEQYF,TGTGCCATCTCGACAGGGGGCGGATACGAGCAGTACTTC,TRAV12-1,TRAJ30,CVVGDDKIIF,TGTGTGGTGGGAGATGACAAGATCATCTTT,TRAV1-2,TRAJ32,CAVRPHVGGATNKLIF,TGTGCTGTGAGGCCTCATGTGGGTGGTGCTACAAACAAGCTCATCTTT,,5222,8.560827228436299,20184.51,9.912721,160.97621,5.0874496,0.79752356,True
P9855_2022,25,P1_H01,E,Smart-seq2,TRBV27,TRBD1,TRBJ2-7,CASSLGTGAYEQYF,TGTGCCAGCAGTTTAGGGACAGGGGCCTACGAGCAGTACTTC,TRAV12-2,TRAJ30,CAVGDDKIIF,TGTGCCGTGGGGGATGACAAGATCATCTTT,,,,,,4993,8.515992470839718,19207.418,9.863104,160.80464,5.0863895,0.8372007,True
P9855_2023,25,P1_H01,E,Smart-seq2,TRBV27,TRBD1,TRBJ2-7,CASSLGTGAYEQYF,TGTGCCAGCAGTTTAGGGACAGGGGCCTACGAGCAGTACTTC,TRAV12-2,TRAJ30,CAVGDDKIIF,TGTGCCGTGGGGGATGACAAGATCATCTTT,,,,,,5095,8.536211197252,19479.465,9.877168,165.85811,5.1171436,0.85145104,True
P9855_2024,25,P1_H01,E,Smart-seq2,TRBV27,TRBD1,TRBJ2-7,CASSLGTGAYEQYF,TGTGCCAGCAGTTTAGGGACAGGGGCCTACGAGCAGTACTTC,TRAV12-2,TRAJ30,CAVGDDKIIF,TGTGCCGTGGGGGATGACAAGATCATCTTT,,,,,,4758,8.46779284112111,18494.043,9.825258,145.94106,4.9900317,0.7891247,True
P9855_2025,25,P1_H10,E,Smart-seq2,TRBV9,TRBD2,TRBJ2-2,CASSGAAGGKTGELFF,TGTGCCAGCAGCGGAGCAGCGGGAGGAAAAACCGGGGAGCTGTTTTTT,TRAV12-2,TRAJ30,CAAWSDKIIF,TGTGCCGCGTGGAGTGACAAGATCATCTTT,TRAV16,TRAJ31,CAPPRNNNARLMF,TGTGCTCCCCCCCGGAATAACAATGCCAGACTCATGTTT,,4717,8.45914025996762,18478.576,9.824422,154.03781,5.043669,0.83360213,True
P9855_2026,25,P1_H10,E,Smart-seq2,TRBV9,TRBD2,TRBJ2-2,CASSGAAGGKTGELFF,TGTGCCAGCAGCGGAGCAGCGGGAGGAAAAACCGGGGAGCTGTTTTTT,TRAV12-2,TRAJ30,CAAWSDKIIF,TGTGCCGCGTGGAGTGACAAGATCATCTTT,TRAV16,TRAJ31,CAPPRNNNARLMF,TGTGCTCCCCCCCGGAATAACAATGCCAGACTCATGTTT,,5400,8.594339400592892,20094.332,9.908243,169.8909,5.1410255,0.84546673,True
P9855_2027,25,P1_H10,E,Smart-seq2,TRBV9,TRBD2,TRBJ2-2,CASSGAAGGKTGELFF,TGTGCCAGCAGCGGAGCAGCGGGAGGAAAAACCGGGGAGCTGTTTTTT,TRAV12-2,TRAJ30,CAAWSDKIIF,TGTGCCGCGTGGAGTGACAAGATCATCTTT,TRAV16,TRAJ31,CAPPRNNNARLMF,TGTGCTCCCCCCCGGAATAACAATGCCAGACTCATGTTT,,4927,8.502688505213357,18992.37,9.851845,165.12546,5.1127434,0.8694305,True
P9855_2028,25,P1_A08,E,Smart-seq2,TRBV28,TRBD1,TRBJ1-2,CASTPGPAYGYTF,TGTGCCAGCACCCCTGGGCCGGCCTATGGCTACACCTTC,TRAV12-2,TRAJ16,CAVNADGQKLLF,TGTGCCGTGAACGCAGATGGCCAGAAGCTGCTCTTT,TRAV26-1,TRAJ54,CIAGLQGAQKLVF,TGCATCGCCGGCCTTCAGGGAGCCCAGAAGCTGGTATTT,,5477,8.608495349823023,20507.082,9.928575,168.8278,5.134785,0.82326585,True
P9855_2029,25,P1_A08,E,Smart-seq2,TRBV28,TRBD1,TRBJ1-2,CASTPGPAYGYTF,TGTGCCAGCACCCCTGGGCCGGCCTATGGCTACACCTTC,TRAV12-2,TRAJ16,CAVNADGQKLLF,TGTGCCGTGAACGCAGATGGCCAGAAGCTGCTCTTT,TRAV26-1,TRAJ54,CIAGLQGAQKLVF,TGCATCGCCGGCCTTCAGGGAGCCCAGAAGCTGGTATTT,,5741,8.655562860681009,21177.006,9.960718,168.2847,5.131582,0.7946577,True
P9855_2030,25,P1_A08,E,Smart-seq2,TRBV28,TRBD1,TRBJ1-2,CASTPGPAYGYTF,TGTGCCAGCACCCCTGGGCCGGCCTATGGCTACACCTTC,TRAV12-2,TRAJ16,CAVNADGQKLLF,TGTGCCGTGAACGCAGATGGCCAGAAGCTGCTCTTT,TRAV26-1,TRAJ54,CIAGLQGAQKLVF,TGCATCGCCGGCCTTCAGGGAGCCCAGAAGCTGGTATTT,,5260,8.568076401730806,19848.865,9.895952,163.9055,5.1053724,0.8257676,True
P9855_2031,25,P1_B10,E,Smart-seq2,TRBV6-5,TRBD1,TRBJ2-7,CASSGSGTVAYEQYF,TGTGCCAGCAGTGGGTCCGGGACAGTCGCCTACGAGCAGTACTTC,TRAV12-2,TRAJ30,CAVGDDKIIF,TGTGCCGTGGGTGATGACAAGATCATCTTT,,,,,,5545,8.620832226175724,20582.293,9.932235,163.48166,5.102799,0.79428303,True
P9855_2032,25,P1_B10,E,Smart-seq2,TRBV6-5,TRBD1,TRBJ2-7,CASSGSGTVAYEQYF,TGTGCCAGCAGTGGGTCCGGGACAGTCGCCTACGAGCAGTACTTC,TRAV12-2,TRAJ30,CAVGDDKIIF,TGTGCCGTGGGTGATGACAAGATCATCTTT,,,,,,5747,8.656607247198915,21474.693,9.974677,163.28484,5.1016016,0.7603593,True
P9855_2033,25,P1_B10,E,Smart-seq2,TRBV6-5,TRBD1,TRBJ2-7,CASSGSGTVAYEQYF,TGTGCCAGCAGTGGGTCCGGGACAGTCGCCTACGAGCAGTACTTC,TRAV12-2,TRAJ30,CAVGDDKIIF,TGTGCCGTGGGTGATGACAAGATCATCTTT,,,,,,5934,8.688622307043769,21838.398,9.991471,166.94884,5.1236596,0.7644738,True
P9855_2034,25,P1_C11,E,Smart-seq2,TRBV20-1,TRBD1,TRBJ1-1,CSARDKGPNTEAFF,TGCAGTGCTAGAGATAAGGGCCCAAACACTGAAGCTTTCTTT,TRAV13-2,TRAJ39,CAENMDAGNMLTF,TGTGCAGAGAATATGGATGCAGGCAACATGCTCACCTTT,,,,,,6025,8.703838719690246,22136.152,10.0050125,168.9786,5.1356726,0.7633603,True
P9855_2035,25,P1_C11,E,Smart-seq2,TRBV20-1,TRBD1,TRBJ1-1,CSARDKGPNTEAFF,TGCAGTGCTAGAGATAAGGGCCCAAACACTGAAGCTTTCTTT,TRAV13-2,TRAJ39,CAENMDAGNMLTF,TGTGCAGAGAATATGGATGCAGGCAACATGCTCACCTTT,,,,,,5283,8.572438665642215,19789.611,9.892962,163.77156,5.10456,0.8275633,True
P9855_2036,25,P1_C11,E,Smart-seq2,TRBV20-1,TRBD1,TRBJ1-1,CSARDKGPNTEAFF,TGCAGTGCTAGAGATAAGGGCCCAAACACTGAAGCTTTCTTT,TRAV13-2,TRAJ39,CAENMDAGNMLTF,TGTGCAGAGAATATGGATGCAGGCAACATGCTCACCTTT,,,,,,5922,8.686598356276965,21662.19,9.98337,165.55748,5.1153407,0.76426935,True
P9855_2037,25,P1_F02,E,Smart-seq2,TRBV9,TRBD2,TRBJ2-7,CASSGGTGAYEQYF,TGTGCCAGCAGCGGGGGGACGGGAGCCTACGAGCAGTACTTC,TRAV12-2,TRAJ49,CAVTGNQFYF,TGTGCCGTTACCGGTAACCAGTTCTATTTT,,,,,,2410,7.787796878181171,11201.823,9.323921,137.01941,4.9273944,1.2231884,False
P9855_2038,25,P1_F02,E,Smart-seq2,TRBV9,TRBD2,TRBJ2-7,CASSGGTGAYEQYF,TGTGCCAGCAGCGGGGGGACGGGAGCCTACGAGCAGTACTTC,TRAV12-2,TRAJ49,CAVTGNQFYF,TGTGCCGTTACCGGTAACCAGTTCTATTTT,,,,,,3153,8.056426767522984,13675.893,9.523463,152.8644,5.036072,1.1177654,False
P9855_2039,25,P1_F02,E,Smart-seq2,TRBV9,TRBD2,TRBJ2-7,CASSGGTGAYEQYF,TGTGCCAGCAGCGGGGGGACGGGAGCCTACGAGCAGTACTTC,TRAV12-2,TRAJ49,CAVTGNQFYF,TGTGCCGTTACCGGTAACCAGTTCTATTTT,,,,,,1259,7.138866999945524,6251.8076,8.740786,122.53785,4.8165474,1.9600388,False
P9855_2040,25,P1_F04,E,Smart-seq2,TRBV27,TRBD1,TRBJ2-7,CASSPAGTGAYEQYF,TGTGCCAGCAGTCCGGCCGGGACAGGGGCCTACGAGCAGTACTTC,TRAV12-2,TRAJ30,CAGGDDKIIF,TGTGCCGGGGGAGATGACAAGATCATCTTT,,,,,,3767,8.234299635696253,13077.318,9.478711,161.72746,5.092077,1.2367021,False
P9855_2041,25,P1_F04,E,Smart-seq2,TRBV27,TRBD1,TRBJ2-7,CASSPAGTGAYEQYF,TGTGCCAGCAGTCCGGCCGGGACAGGGGCCTACGAGCAGTACTTC,TRAV12-2,TRAJ30,CAGGDDKIIF,TGTGCCGGGGGAGATGACAAGATCATCTTT,,,,,,4539,8.420682291035394,14597.771,9.588693,168.13075,5.130672,1.1517563,False
P9855_2042,25,P1_F04,E,Smart-seq2,TRBV27,TRBD1,TRBJ2-7,CASSPAGTGAYEQYF,TGTGCCAGCAGTCCGGCCGGGACAGGGGCCTACGAGCAGTACTTC,TRAV12-2,TRAJ30,CAGGDDKIIF,TGTGCCGGGGGAGATGACAAGATCATCTTT,,,,,,2953,7.9909154630913255,12683.548,9.44814,171.17735,5.148525,1.3496015,False
P9855_2049,25,P2_A04,E,Smart-seq2,TRBV15,TRBD1,TRBJ2-7,CATSRGQGNYEQYF,TGTGCCACCAGCAGAGGACAGGGGAACTACGAGCAGTACTTC,TRAV12-2,TRAJ43,CAVNSSNDMRF,TGTGCCGTGAACTCGTCCAATGACATGCGCTTT,TRAV14/DV4,TRAJ42,CASSKGDSYTEAFF,TGTGCCAGCAGCAAAGGGGACAGCTACACTGAAGCTTTCTTT,,3500,8.160803920954665,14990.3545,9.615229,148.34027,5.0062275,0.9895715,True
P9855_2050,25,P2_A04,E,Smart-seq2,TRBV15,TRBD1,TRBJ2-7,CATSRGQGNYEQYF,TGTGCCACCAGCAGAGGACAGGGGAACTACGAGCAGTACTTC,TRAV12-2,TRAJ43,CAVNSSNDMRF,TGTGCCGTGAACTCGTCCAATGACATGCGCTTT,TRAV14/DV4,TRAJ42,CASSKGDSYTEAFF,TGTGCCAGCAGCAAAGGGGACAGCTACACTGAAGCTTTCTTT,,4651,8.445052513638554,18140.37,9.80595,159.80186,5.080173,0.88091844,True
P9855_2051,25,P2_A04,E,Smart-seq2,TRBV15,TRBD1,TRBJ2-7,CATSRGQGNYEQYF,TGTGCCACCAGCAGAGGACAGGGGAACTACGAGCAGTACTTC,TRAV12-2,TRAJ43,CAVNSSNDMRF,TGTGCCGTGAACTCGTCCAATGACATGCGCTTT,TRAV14/DV4,TRAJ42,CASSKGDSYTEAFF,TGTGCCAGCAGCAAAGGGGACAGCTACACTGAAGCTTTCTTT,,4692,8.453827315794417,17011.016,9.741675,168.22797,5.1312466,0.9889355,True
P9855_2052,25,P2_B11,E,Smart-seq2,TRBV7-6,TRBD2,TRBJ1-1,CASSLKGNTEAFF,TGTGCCAGCAGCTTAAAAGGGAACACTGAAGCTTTCTTT,TRAV12-2,TRAJ31,CAVNNARLMF,TGTGCCGTGAACAATGCCAGACTCATGTTT,TRAV14/DV4,TRAJ11,CAMSGGKGGSGYSTLTF,TGTGCAATGAGCGGGGGAAAAGGAGGATCAGGATACAGCACCCTCACCTTT,,5102,8.537583881063972,19624.6,9.88459,161.45639,5.0904098,0.8227245,True
P9855_2053,25,P2_B11,E,Smart-seq2,TRBV7-6,TRBD2,TRBJ1-1,CASSLKGNTEAFF,TGTGCCAGCAGCTTAAAAGGGAACACTGAAGCTTTCTTT,TRAV12-2,TRAJ31,CAVNNARLMF,TGTGCCGTGAACAATGCCAGACTCATGTTT,TRAV14/DV4,TRAJ11,CAMSGGKGGSGYSTLTF,TGTGCAATGAGCGGGGGAAAAGGAGGATCAGGATACAGCACCCTCACCTTT,,4980,8.513385953073284,19217.844,9.8636465,168.41711,5.132364,0.87635803,True
P9855_2054,25,P2_B11,E,Smart-seq2,TRBV7-6,TRBD2,TRBJ1-1,CASSLKGNTEAFF,TGTGCCAGCAGCTTAAAAGGGAACACTGAAGCTTTCTTT,TRAV12-2,TRAJ31,CAVNNARLMF,TGTGCCGTGAACAATGCCAGACTCATGTTT,TRAV14/DV4,TRAJ11,CAMSGGKGGSGYSTLTF,TGTGCAATGAGCGGGGGAAAAGGAGGATCAGGATACAGCACCCTCACCTTT,,4918,8.50086053679534,19192.74,9.862339,172.93135,5.158661,0.9010248,True
P9855_2058,25,P2_D12,E,Smart-seq2,TRBV5-1,TRBD1,TRBJ1-2,CASSPATGAYGYTF,TGCGCCAGCAGCCCGGCGACAGGGGCTTATGGCTACACCTTC,TRAV12-2,TRAJ11,CAVTGYSTLTF,TGTGCCGTGACAGGATACAGCACCCTCACCTTT,,,,,,4511,8.414495793177895,17667.943,9.779564,162.76656,5.098442,0.92125356,False
P9855_2059,25,P2_D12,E,Smart-seq2,TRBV5-1,TRBD1,TRBJ1-2,CASSPATGAYGYTF,TGCGCCAGCAGCCCGGCGACAGGGGCTTATGGCTACACCTTC,,,,,,,,,,224,5.41610040220442,1801.0366,7.4966726,26.524918,3.3150916,1.4727584,False
P9855_2060,25,P2_D12,E,Smart-seq2,TRBV5-1,TRBD1,TRBJ1-2,CASSPATGAYGYTF,TGCGCCAGCAGCCCGGCGACAGGGGCTTATGGCTACACCTTC,TRAV12-2,TRAJ11,CAVTGYSTLTF,TGTGCCGTGACAGGATACAGCACCCTCACCTTT,,,,,,5469,8.607033895416027,20196.352,9.913307,172.44322,5.1558504,0.85383356,False
P9855_2061,25,P2_F01,E,Smart-seq2,TRBV6-1,TRBD2,TRBJ2-7,CASSDGGDAYEQYF,TGTGCCAGCAGTGACGGAGGGGATGCCTACGAGCAGTACTTC,TRAV12-2,TRAJ34,CAVSTDKLIF,TGTGCCGTGAGCACCGACAAGCTCATCTTT,,,,,,3065,8.028129059431759,13328.746,9.497753,175.49692,5.1733036,1.31668,False
P9855_2062,25,P2_F01,E,Smart-seq2,TRBV6-1,TRBD2,TRBJ2-7,CASSDGGDAYEQYF,TGTGCCAGCAGTGACGGAGGGGATGCCTACGAGCAGTACTTC,TRAV12-2,TRAJ34,CAVSTDKLIF,TGTGCCGTGAGCACCGACAAGCTCATCTTT,,,,,,2088,7.644440761556566,9273.434,9.135016,186.26926,5.2325473,2.0086331,False
P9855_2063,25,P2_F01,E,Smart-seq2,TRBV6-1,TRBD2,TRBJ2-7,CASSDGGDAYEQYF,TGTGCCAGCAGTGACGGAGGGGATGCCTACGAGCAGTACTTC,TRAV12-2,TRAJ34,CAVSTDKLIF,TGTGCCGTGAGCACCGACAAGCTCATCTTT,,,,,,3622,8.195057690895077,15029.031,9.6178055,183.56679,5.2180114,1.2214147,False
P9855_2064,25,P2_G01,E,Smart-seq2,TRBV6-2,TRBD2,TRBJ2-7,CASNSAGGAYEQYF,TGTGCCAGCAATTCGGCAGGGGGGGCCTACGAGCAGTACTTC,TRAV12-2,TRAJ16,CAVNSDGQKLLF,TGTGCCGTGAATTCCGATGGCCAGAAGCTGCTCTTT,,,,,,3408,8.134174272137903,14033.891,9.549302,180.15408,5.199348,1.2837074,True
P9855_2065,25,P2_G01,E,Smart-seq2,TRBV6-2,TRBD2,TRBJ2-7,CASNSAGGAYEQYF,TGTGCCAGCAATTCGGCAGGGGGGGCCTACGAGCAGTACTTC,TRAV12-2,TRAJ16,CAVNSDGQKLLF,TGTGCCGTGAATTCCGATGGCCAGAAGCTGCTCTTT,,,,,,2775,7.9287663216266955,11631.488,9.361557,174.842,5.1695857,1.5031782,True
P9855_2066,25,P2_G01,E,Smart-seq2,TRBV6-2,TRBD2,TRBJ2-7,CASNSAGGAYEQYF,TGTGCCAGCAATTCGGCAGGGGGGGCCTACGAGCAGTACTTC,TRAV12-2,TRAJ16,CAVNSDGQKLLF,TGTGCCGTGAATTCCGATGGCCAGAAGCTGCTCTTT,,,,,,2762,7.924072324923417,11837.66,9.379126,191.65215,5.260886,1.6190035,True
P9855_2067,25,P2_G09,E,Smart-seq2,TRBV28,TRBD2,TRBJ2-7,CASSPGGSAYEQYF,TGTGCCAGCAGTCCCGGAGGGAGCGCCTACGAGCAGTACTTC,TRAV12-2,TRAJ3,CAVSASKIIF,TGTGCCGTCAGTGCTTCCAAGATAATCTTT,,,,,,3995,8.293049139768444,15503.469,9.648884,156.06918,5.0566864,1.0066727,True
P9855_2068,25,P2_G09,E,Smart-seq2,TRBV28,TRBD2,TRBJ2-7,CASSPGGSAYEQYF,TGTGCCAGCAGTCCCGGAGGGAGCGCCTACGAGCAGTACTTC,TRAV12-2,TRAJ3,CAVSASKIIF,TGTGCCGTCAGTGCTTCCAAGATAATCTTT,,,,,,5067,8.53070154144103,19703.598,9.888607,154.70663,5.0479736,0.7851695,True
P9855_2069,25,P2_G09,E,Smart-seq2,TRBV28,TRBD2,TRBJ2-7,CASSPGGSAYEQYF,TGTGCCAGCAGTCCCGGAGGGAGCGCCTACGAGCAGTACTTC,TRAV12-2,TRAJ3,CAVSASKIIF,TGTGCCGTCAGTGCTTCCAAGATAATCTTT,,,,,,4090,8.316544717929398,16710.953,9.72388,155.09851,5.0504875,0.9281249,True
P9855_2070,25,P2_H01,E,Smart-seq2,TRBV9,TRBD1,TRBJ2-7,CASSAAAGTASYEQYF,TGTGCCAGCAGCGCAGCCGCCGGGACAGCTTCCTACGAGCAGTACTTC,TRAV12-1,TRAJ13,CVVSGGYQKVTF,TGTGTGGTTTCTGGGGGTTACCAGAAAGTTACCTTT,,,,,,3754,8.230843564198235,15308.753,9.636246,172.7714,5.1577406,1.1285791,False
P9855_2071,25,P2_H01,E,Smart-seq2,TRBV9,TRBD1,TRBJ2-7,CASSAAAGTASYEQYF,TGTGCCAGCAGCGCAGCCGCCGGGACAGCTTCCTACGAGCAGTACTTC,TRAV12-1,TRAJ13,CVVSGGYQKVTF,TGTGTGGTTTCTGGGGGTTACCAGAAAGTTACCTTT,,,,,,4883,8.493719835230594,18742.383,9.838596,174.57852,5.1680865,0.93146384,False
P9855_2072,25,P2_H01,E,Smart-seq2,TRBV9,TRBD1,TRBJ2-7,CASSAAAGTASYEQYF,TGTGCCAGCAGCGCAGCCGCCGGGACAGCTTCCTACGAGCAGTACTTC,TRAV12-1,TRAJ13,CVVSGGYQKVTF,TGTGTGGTTTCTGGGGGTTACCAGAAAGTTACCTTT,,,,,,5586,8.628197749459149,21162.227,9.96002,168.55493,5.133177,0.7964896,False
P9855_2073,25,P2_H04,E,Smart-seq2,TRBV4-2,TRBD2,TRBJ2-7,CASSPAVSYEQYF,TGTGCCAGCAGCCCAGCGGTCTCCTACGAGCAGTACTTC,TRAV8-3,TRAJ43,CAVGAAHNNDMRF,TGTGCTGTGGGTGCGGCCCATAACAATGACATGCGCTTT,,,,,,2938,7.985824666418917,12530.265,9.435982,169.91382,5.1411595,1.3560274,True
P9855_2074,25,P2_H04,E,Smart-seq2,TRBV4-2,TRBD2,TRBJ2-7,CASSPAVSYEQYF,TGTGCCAGCAGCCCAGCGGTCTCCTACGAGCAGTACTTC,TRAV8-3,TRAJ43,CAVGAAHNNDMRF,TGTGCTGTGGGTGCGGCCCATAACAATGACATGCGCTTT,,,,,,3739,8.226840890408578,15018.244,9.617087,164.7207,5.110304,1.096804,True
P9855_2075,25,P2_H04,E,Smart-seq2,TRBV4-2,TRBD2,TRBJ2-7,CASSPAVSYEQYF,TGTGCCAGCAGCCCAGCGGTCTCCTACGAGCAGTACTTC,TRAV8-3,TRAJ43,CAVGAAHNNDMRF,TGTGCTGTGGGTGCGGCCCATAACAATGACATGCGCTTT,,,,,,2984,8.001355025826703,11967.798,9.3900585,180.70932,5.2024083,1.509963,True
P9855_2076,25,P2_H05,E,Smart-seq2,TRBV6-1,TRBD1,TRBJ2-1,CASSQQGAYEQFF,TGTGCCAGTTCTCAACAGGGGGCTTATGAGCAGTTCTTC,TRAV12-2,TRAJ30,CAVGDDKIIF,TGTGCCGTGGGAGATGACAAGATCATCTTT,,,,,,3044,8.021256180143997,12796.689,9.45702,172.6453,5.157015,1.3491403,True
P9855_2077,25,P2_H05,E,Smart-seq2,TRBV6-1,TRBD1,TRBJ2-1,CASSQQGAYEQFF,TGTGCCAGTTCTCAACAGGGGGCTTATGAGCAGTTCTTC,TRAV12-2,TRAJ30,CAVGDDKIIF,TGTGCCGTGGGAGATGACAAGATCATCTTT,,,,,,3499,8.160518247477505,14616.969,9.590007,161.56847,5.0910993,1.1053487,True
P9855_2078,25,P2_H05,E,Smart-seq2,TRBV6-1,TRBD1,TRBJ2-1,CASSQQGAYEQFF,TGTGCCAGTTCTCAACAGGGGGCTTATGAGCAGTTCTTC,TRAV12-2,TRAJ30,CAVGDDKIIF,TGTGCCGTGGGAGATGACAAGATCATCTTT,,,,,,3000,8.006700845440367,12368.321,9.422975,177.5376,5.184799,1.435422,True
P9855_2079,25,P2_A05,E,Smart-seq2,TRBV9,TRBD2,TRBJ2-1,CASSVGGVSYNEQFF,TGTGCCAGCAGCGTGGGCGGGGTCTCCTACAATGAGCAGTTCTTC,TRAV27,TRAJ49,CAGTKNTGNQFYF,TGTGCAGGAACTAAGAACACCGGTAACCAGTTCTATTTT,TRAV40,TRAJ42,CLLGDRCYGGSQGNLIF,TGTCTTCTGGGAGATCGGTGTTATGGAGGAAGCCAAGGAAATCTCATCTTT,,3430,8.14060704285845,14020.334,9.548335,177.41187,5.184095,1.2653898,False
P9855_2080,25,P2_A05,E,Smart-seq2,TRBV9,TRBD2,TRBJ2-1,CASSVGGVSYNEQFF,TGTGCCAGCAGCGTGGGCGGGGTCTCCTACAATGAGCAGTTCTTC,TRAV27,TRAJ49,CAGTKNTGNQFYF,TGTGCAGGAACTAAGAACACCGGTAACCAGTTCTATTTT,TRAV40,TRAJ42,CLLGDRCYGGSQGNLIF,TGTCTTCTGGGAGATCGGTGTTATGGAGGAAGCCAAGGAAATCTCATCTTT,,2687,7.89655270164304,11898.564,9.384257,177.76413,5.186067,1.4939965,False
P9855_2081,25,P2_A05,E,Smart-seq2,TRBV9,TRBD2,TRBJ2-1,CASSVGGVSYNEQFF,TGTGCCAGCAGCGTGGGCGGGGTCTCCTACAATGAGCAGTTCTTC,TRAV27,TRAJ49,CAGTKNTGNQFYF,TGTGCAGGAACTAAGAACACCGGTAACCAGTTCTATTTT,TRAV40,TRAJ42,CLLGDRCYGGSQGNLIF,TGTCTTCTGGGAGATCGGTGTTATGGAGGAAGCCAAGGAAATCTCATCTTT,,4002,8.294799358992574,16338.402,9.701335,172.78714,5.157831,1.0575522,False
P9855_2082,25,P2_C12,E,Smart-seq2,TRBV7-2,TRBD2,TRBJ2-7,CASSPSGPSYEQYF,TGTGCCAGCAGCCCTAGCGGCCCCTCCTACGAGCAGTACTTC,TRAV12-2,TRAJ31,CAVTAARLMF,TGTGCCGTGACCGCCGCCAGACTCATGTTT,,,,,,4084,8.315077007294104,16072.5625,9.684931,166.37944,5.120263,1.0351768,False
